created_at,id,text,favorite_count,retweet_count,user_id_str,user_name,user_screen_name,user_location,user_description,user_friends_count,user_followers_count,hashtags,mentions
Fri Aug 19 23:00:20 +0000 2016,7.67E+17,"Trump can’t tell the difference between terrorists, refugees, and normal visa seekers: https://t.co/alPD5RNnJd https://t.co/Q7LX0t12mI",54,71,16012783,The Daily Beast,thedailybeast,"New York, NY","Independent. Intelligent. Influential. Send tips to tips@thedailybeast.com.

Become a member: https://bit.ly/BeastMembership",992,1311743,Immigration|Refugees|Terrorists,Raddmom|hanktastic1776
Fri Aug 19 18:10:30 +0000 2016,7.67E+17,Can an #Airbnb for refugees help ease Europe's crisis?  https://t.co/jiVEFs6Zkx #sharingeconomy,3,7,28526621,Sara Green Brodersen,SaraBrodersen,"London, England",Co-founder & CEO of @financecanaree // #fintech #startups,170,1347,Airbnb|sharingeconomy,
Fri Aug 19 16:44:11 +0000 2016,7.67E+17,"In the first ad of his campaign, Trump attacks Syrian refugees and immigrants. Truly a depraved individual https://t.co/VAEZkbRa0q",1,4,247153850,Rebecca Abou-Chedid,bintlabaratte,Cleveland - Beirut - DC,"Raised in an American home with a Lebanese kitchen - Attorney by trade, activist at heart - Organizer of the @Lebanon_Relief Campaign - Cleveland sports fanatic",550,504,,
Fri Aug 19 17:00:21 +0000 2016,7.67E+17,Can an Airbnb for refugees help ease Europe's crisis? https://t.co/lMjDEudFcO,2,3,19962813,CNBC Tech,CNBCtech,San Francisco,Follow for the latest tech news from Silicon Valley and around the world.,140,65493,EU|MigrantsDay|TRALIM|asylum|immigration|lawyers,
Fri Aug 19 22:20:04 +0000 2016,7.67E+17,The World Is Failing Refugees from Nauru to the U.S. | TIME https://t.co/QMniKN24mz,1,2,172867574,Rick Cooley,rcooley123,"Wilkes-Barre, PA","Progressive, antiwar, humanitarian, environmentalist, civil liberties, human rights, Down Syndrome.  #ConnectTheLeft. 
 Backup account @cooleyrj",138611,139907,,
Fri Aug 19 18:37:53 +0000 2016,7.67E+17,Manitoba Interfaith Immigration Council has a new program 'family to family matching' with newly arrived refugees.https://t.co/ClaXX0fs0A,0,2,7.22E+17,MANSO,mansomanitoba,Manitoba | Treaty 1 Territory,Umbrella organization for newcomer-serving organizations in Manitoba | Support our members and the settlement & integration sector | 📬http://eepurl.com/cV459T,352,745,,SpeakerRyan|realDonaldTrump|sassysassyred|senatemajldr
Fri Aug 19 19:36:59 +0000 2016,7.67E+17,"Hillary, plan...make Dem voters from 500,000 refugees, prisoners, illegals &amp; make the entire country like Virginia https://t.co/fVCFQ2MFWS",0,1,3860300246,Eddie Jillette,methanedetector,,"USAF Vet, SAC, 8th Air Force, 305th bomb wing, B58, 
2A, voter. Winners: DJT, Military, closed borders;  Losers: illegals, Swamp Dwellers; Liberal universities",1919,1646,Khartoon|cartoon|illustrationfriday|immigration|poster|refugees,
Fri Aug 19 16:11:18 +0000 2016,7.67E+17,Check out @noahfilipiak's interview with @MatthewSoerens &amp; closing poem by @JacobMauMusic: https://t.co/slc6aPSEfc,2,1,117533399,Liz Dong,gnodzil,,Immigration @worldrelief & @natimmforum. Learning Phil 1:27. Tweets my own,361,659,,MatthewSoerens|noahfilipiak
Fri Aug 19 23:41:01 +0000 2016,7.67E+17,"RT @thedailybeast: Trump can’t tell the difference between terrorists, refugees, and normal visa seekers: https://t.co/alPD5RNnJd https://t…",0,0,308167371,(((Rebecca Day))),Rdday91191,California,PROGRESSIVE 66EX-F/A/mom. #dialysis patient & now pulminary fibrosis too.  Told I have 3yrs to live. Hate Trump. Corp have ruined  news.,248,162,Auspol|BlockTheBill|Immigration|Refugees,
Fri Aug 19 19:36:18 +0000 2016,7.67E+17,RT @Gr8LakesCzarina: Is Obama a Soros puppet on immigration? https://t.co/MnDefZ5Oof,0,0,4260720134,Jeff Bain,JeffBain6,"Texas, USA","Just a man with a dream to see America free again. Marine Dad, MAGA.",1181,937,,
Sun Aug 28 21:46:37 +0000 2016,7.70E+17,"#Germany's federal immigration office anticipates at most 300000 #refugees in 2016, said its top immigration officer https://t.co/rGntwYqKo2",35,13,303862998,"People's Daily, China",PDChina,"Beijing, China",The largest newspaper in China,4542,7053116,,willowhalegreen
Sun Aug 28 14:14:20 +0000 2016,7.70E+17,"Great chats yesterday about immigration and refugees, youth engagement,public service and climate. #ChatWithCath https://t.co/2iwa2QxtN3",19,2,4362293957,Catherine McKenna’s Community Office,CMcKennaOttawa,Ottawa Centre,"Community Office for @CathMcKenna. Bureau communautaire pour @CathMcKenna. MP/Députée, Ottawa Centre. 107 rue Catherine Street, Ottawa ON, K2P 0P4, 613-946-8682",968,2807,Immigrants|Immigration|Trump|ccot|p2|pjnet|tcot|tgdn,
Sun Aug 28 16:40:20 +0000 2016,7.70E+17,"My latest on #refugees, ""The Justice of the Immigration Court &amp; the Power of its Judge King"" https://t.co/FjW9IfJ2h4 https://t.co/kLKKXDGltH",1,2,1042715258,Ana M Fores Tamayo,anamfores,"Keller, Texas","Educator, translator, activist, friend                                     FB:https://t.co/CIcIOUvhhN BLOGGER
https://t.co/cSASAawzD8    https://t.co/3TxUohQOVB",502,808,,
Sun Aug 28 17:56:36 +0000 2016,7.70E+17,The Utah story is full of immigration and refugees. The Utah story is the opposite of what Trump stands for. #utpol,4,2,805307714,Mormon Liberals,LdLiberals,in a ward near you,"Cofounder and contributor at @MormonPress. Member of the #religiousleft. ""Therefore they were liberal to all"" -Alma 1:30",1517,3600,,VICE|jakenaughton
Sun Aug 28 18:06:25 +0000 2016,7.70E+17,I'd like all those who voted #Brexit because of fear of refugees/immigration to read this.  It's decency. https://t.co/2cmDzPC08N,1,2,61291762,Tina,ChristinaMaroc,"Agadir, Morocco",🇬🇧Everyone you meet is fighting a battle you know nothing about.  Be kind. Always.🇲🇦,2822,1732,,
Sun Aug 28 17:35:46 +0000 2016,7.70E+17,#dcrally4refugees #immigration #refugees Message of welcome! https://t.co/KBxHs6VMlY,1,2,52091421,USCRI,USCRIdc,"Washington, DC","Everyone, Everywhere, Equal Value http://facebook.com/uscri",2142,4254,6degreesTO,
Sun Aug 28 14:43:27 +0000 2016,7.70E+17,USA immigration system needs to become more tolerant towards transgender refugees. We live in fear &amp; it's harder for us. #DCRally4Refugees,4,1,2239889683,VB. Giovanni,bruna_giovanni,"Atlanta, GA","Transgender female vegan who's very into wellness.
Nikken Health Sales agent and would love the support.
Youtube: VB Giovanni
CashApp: $BrownButterfly92",893,820,Refugee|refugees,CounterJihadUS
Sun Aug 28 21:58:25 +0000 2016,7.70E+17,just what US needs more Syrian refugees stop Muslim immigration till better Vetting Protect our kids &amp; women! https://t.co/UdlE3pAPiu,0,1,530935695,Jeanette,LivelyLively,"Colorado, USA","Can't we all just get along?
😂🤣😂🤣🤣😎",815,978,,
Sun Aug 28 13:55:35 +0000 2016,7.70E+17,"#MakeaMovieIslamic The Calais Chainsaw Massacre, Brit driver's warning as confronted by migrants with CHAINSAWS https://t.co/kJD7idSHuy",0,1,425181608,Canada++ or WTO! Stop the Steal!,MorpheusThink,"England, United Kingdom",ClassicalLiberal-Nationalist-ChristianAtheist-#ProLife-AGWSceptic-Republican ♥=#Brexit-#Trump-FossilFuel-1A-#2A-1776-Israel/H8=Terror-Globalism-OverPopMyth-Weed,4999,1723,SHUTDOWNMANUS|asylumseekers|auspol|refugees,
Sun Aug 28 12:43:49 +0000 2016,7.70E+17,“Immigration is about more than politics: It's about making vulnerable newcomers to the country feel at home.” https://t.co/QBWQwwtKKB,6,1,1186911,Eric Stoller,EricStoller,"Seminole, FL",Higher Education ➡️ Digital Engagement. #EdTech. DMs are open. 👋 Live: 🇺🇸 Work: 🌍🌎🌏 Married to GS. ❤️ J’s dad. ❤️,2988,24379,German|Muslim|President|immigration|islam|p2|refugees,
Thu Sep 01 21:00:20 +0000 2016,7.71E+17,“There remains an underlying racist sentiment in the immigration and refugee debate.” https://t.co/XVf2yz7oFD #Brexit via @WritersofColour,13,19,53339966,Senthorun Raj ✨,senthorun,"Manchester, England",Dr Sparkles ✨ | Professional Gay 🏳️‍🌈 | Tamil Queen 🦄 | He/Him 💁🏾‍♂️                             PS: I represent no one.,898,14102,Brexit,WritersofColour
Thu Sep 01 20:36:06 +0000 2016,7.71E+17,"Immigration Reading List: Against Racism, Against Borders—Refugees and Migrants Welcome! https://t.co/5qg9aQjQWg https://t.co/dkM4LJpjaa",8,5,23187207,Verso Books,VersoBooks,London & New York,"Verso Books is the largest independent, radical publishing house in the English speaking world.",5465,110766,Refugee|refugees,CounterJihadUS
Thu Sep 01 21:36:41 +0000 2016,7.71E+17,"Cameron promised to take in 20,000 Syrian refugees. What have the Tories actually delivered? - https://t.co/sbAxzq0zUK",3,5,19287584,Michael,therightarticle,,Nobody is going to pour truth into your brain. It's something you have to find out for yourself.,9162,16000,,
Thu Sep 01 23:22:17 +0000 2016,7.71E+17,Excellent video on the strength skills and talent that refugees bring to our community #integration #immigration https://t.co/HCUItxzd3B,4,3,2447216846,AngeliqueReddyKalala,MonctonMyHome,Moncton,,2381,1155,immigration|integration,
Thu Sep 01 22:32:41 +0000 2016,7.71E+17,Anyone who considers voting against immigration of refugees needs to read this first https://t.co/yEqHi3UchZ,5,2,107396736,Conor McGrane,ConorTMcGrane,"North County Dublin, Ireland","Father of 2 great boys, Husband, Cyclist, GP. Good at some bad at others but trying to get better #YNWA",3313,3695,Refugees,
Thu Sep 01 18:31:40 +0000 2016,7.71E+17,"Despite #immigration critics, Syrian refugees in Southern California are settling in https://t.co/dQD6Zkr2th via @kpcc",2,2,170090195,Leslie Berestein Rojas,Multi_American,"Pasadena, Calif.","I report on immigration and emerging communities for @KPCC in Los Angeles. Latina, parent, 1.5 gen, Eastside. Más café, please.",665,3036,Immigration|Refugees|TuesdayThoughts,
Thu Sep 01 20:32:46 +0000 2016,7.71E+17,ICYMI! #andreakayeshow Price of a #Hillary win #refugees #immigration #Trump #Kaepernick @tomdelbeccaro @realside  https://t.co/TlWT0Y9iNM,2,2,501060187,andrea kaye 💥🧨🍩🇺🇸,andreakayeshow,"San Diego, CA","Don't stop the combine for the field mice

Typos are my own",7572,13731,Refugee|refugees,CounterJihadUS
Thu Sep 01 18:00:49 +0000 2016,7.71E+17,"Despite immigration critics, Syrian refugees in Southern California are settling in https://t.co/Tq6656e3Sw https://t.co/m3iHMpOKsU",6,2,12804312,89.3 KPCC,KPCC,"Los Angeles, California","Independent news and conversation about your community from your friendly local public radio station. Home to @npr news, @airtalk, @taketwo, @theframe & @laist.",2192,121526,immigration|refugees,Refugees
Thu Sep 01 23:52:37 +0000 2016,7.71E+17,More savage violence by illegal aliens: https://t.co/J7Z46i62OO #Trump2016,0,2,1365484898,Concerned Virginia,Federalist46,"Virginia, USA",A network of citizens working to educate Virginians about the economic and security risks of crooked Hillary Clinton.,536,347,Trump2016,
Thu Sep 01 18:14:40 +0000 2016,7.71E+17,For all those upset with Trump over illegal immigration - Hispanics alone at 76% gov funding. Refugees - many totally on gov funding.,0,1,159230211,Blanche Victoria,tammytabby,Georgia,"Native of New York City, NY. 
Conservative.
Corporate Assistant-Banking, Oil.
Enjoy Photography -Cooking- Politics.

#CONSTITUTION #AmericaFirst  #KAG",22085,22058,,MemesMustFlow|voxday
Sat Sep 10 15:21:27 +0000 2016,7.75E+17,"""#RedCross, #Immigration &amp; the Police killed me with their slogans of humanity and cruel treatments"" https://t.co/Jf3SfzqUXk #refugees",3,4,156881548,RISE eX-detainees,riserefugee,Melbourne,"RISE is the FIRST  eX-detainee, Asylum seeker & Refugee welfare & advocacy org in Australia, entirely governed & run by eX-detainees, Asylum Seekers & Refugees.",11,12655,EU|MigrantsDay|TRALIM|asylum|immigration|lawyers,
Sat Sep 10 17:23:08 +0000 2016,7.75E+17,ICYMI! #andreakayeshow From @actforamerica Conference! #radicalislam #refugees #immigration #RedNationRising  #Trump https://t.co/oBsxY2aMmJ,1,3,501060187,andrea kaye 💥🧨🍩🇺🇸,andreakayeshow,"San Diego, CA","Don't stop the combine for the field mice

Typos are my own",7572,13731,,TorontoStar
Sat Sep 10 17:50:22 +0000 2016,7.75E+17,"#Refugees Activists surround #yarlswood #detention centre with wall of noise
https://t.co/BfMH29BfWw #Asylum #immigration #UKpol",0,3,45842327,Tienga N,The_UK_Migrant,London,"Happy Cameroonian, UK resident & forever migrant. All things migrants, asylum, refugees, homeless & carers.
MC member @Right_To_Remain",2114,2122,MAGA|immigration|terror,
Sat Sep 10 14:23:50 +0000 2016,7.75E+17,"In England Conservatives screwing up Education, NHS, Brexit,  Refugees, immigration, Nat Debt, Public Services, Tax avoidance.
#clueless",1,2,57736085,Alistair McGregor  🐝 🏴󠁧󠁢󠁳󠁣󠁴󠁿 🇰🇪,gregalach,Scotland Kenya,"Kenyan Scottish European. Self determination, Social Justice will only come with independence.
Hate poaching & mistreatment of animals",3092,3038,,
Sat Sep 10 18:51:34 +0000 2016,7.75E+17,"Euro MPs to finally confront disastrous EU asylum policy made a mockery of by Merkel
https://t.co/7s8suooSXp https://t.co/GvfivdtsEe",0,1,1391800248,Kari Immonen,TipiKari,Finland,Facebook: Kari Immonen,131,119,,
Sat Sep 10 19:15:11 +0000 2016,7.75E+17,C-K recognized as 'welcoming community' #ckont https://t.co/APdeik8yuQ,0,1,274635260,Chatham Daily News,Chathamnews,"Chatham, Ontario, Canada","We are the No. 1 source of news in the Municipality of Chatham-Kent, with an award-winning team and an office in the heart of downtown Chatham.",132,6783,ckont,
Sat Sep 10 19:49:18 +0000 2016,7.75E+17,@AMTrump4PRES .. Build the wall stop illegal immigration and Muslim terrorist refugees ! Now ! @realDonaldTrump #TRUMP2016 #seanhannity @NRA,1,1,403748836,Terry St.Onge,TerryStOnge,,100% AMERICAN .... Adrenaline Adventure Junkie / Treasure Hunter CHECKING the WORLD OUT !!! .. MOLON LABE ! .. Made in USA ! ..🇺🇸 MAGA TRUMP 2020 KAG ! 🇺🇸,4916,4736,guncontrol,
Sat Sep 10 16:03:22 +0000 2016,7.75E+17,Frightening statistic! #UN4RefugeesMigrants #refugeeswelcome #immigration #refugees https://t.co/ytIml49eeY,0,1,2886862597,HeinLawFirm,HeinLegal,"Saint Louis, Missouri | USA",International Immigration Lawyers-Abogados Internacionales Bilingües Inmigración | USA-Mexico-Argentina-Australia-Colombia rhein@heinlegal.com +314.645.7900,840,341,,
Sat Sep 10 20:01:03 +0000 2016,7.75E+17,Angela Merkal's possible motivations to discard caution in welcoming Syrian refugees and the price she's paying https://t.co/efuVyQpJ39,0,1,15949696,The American Prospect,TheProspect,"Washington, D.C.","The American Prospect is an independent political magazine that aims to advance liberal and progressive goals through reporting, analysis, and debate.",2870,49403,,
Sat Sep 10 16:32:02 +0000 2016,7.75E+17,"https://t.co/py49CCIydT
Canada has to rethink its immigration strategy asap.",0,1,291198260,SamSense,SamSense,,,266,75,Immigrants|Immigration|Trump|ccot|p2|pjnet|tcot|tgdn,
Mon Sep 19 20:25:14 +0000 2016,7.78E+17,Trump now conflating refugees seeking refuge with all immigration.,10,7,319666759,Candace Smith Chekwa,CandaceSmith_,New York,Journalist w/ @ABC. Former presidential candidate chaser. Howard alum. Saved by grace. Love news almost as much as food. Almost.,1474,12689,Refugee|refugees,CounterJihadUS
Mon Sep 19 20:22:26 +0000 2016,7.78E+17,How the latest great migration is reshaping Europe - nice work from @NatGeoMag https://t.co/d5rUvSatR8,2,5,40842974,Yasmin El-Rifae,yasminelrifae,Cairo,Editor @madamasr. Producer @palfest.,646,3182,,SpeakerRyan|realDonaldTrump|sassysassyred|senatemajldr
Mon Sep 19 21:11:01 +0000 2016,7.78E+17,2015: May argues immigration threatens cohesion of society https://t.co/t3BhtV5q6A,4,4,270327100,Nigella,nigella_i5e,UNITED KINGDOM 🇬🇧,#walkaway #freespeech Animal lover🐕 KAG 🇺🇸 #trump❌ #brexit 🇬🇧anti-EU #prolife #BLEXIT #farage❤️ #defundthebbc #WLM✊🏻#parler #climaterealist MAGA #reformuk,25831,25626,,
Mon Sep 19 20:43:08 +0000 2016,7.78E+17,Stort og flot indslag fra National Geographic om hvordan migrationen påvirker og ændrer Europa. https://t.co/Hs15H1LGSb,3,4,105891279,Poya Pakzad,ppkzd,"Denmark, Copenhagen","Economic policy advisor @Enhedslisten / Red Green Alliance. RT's ≠ endorsements, tweets = personal. I co-edit @EftertrykMag. Sometimes I feign disbelief.",2019,5643,Khartoon|cartoon|illustrationfriday|immigration|poster|refugees,
Mon Sep 19 23:28:09 +0000 2016,7.78E+17,@rexsmith61_rex @NetworksManager It looks like congress is finally ready to take a stance against immigration of refugees.  Trump wins again,2,2,7.35E+17,Richard Kennedy,rkennedy00271,"South Bend, IN",,441,943,RUSharedRead|immigration,SLNazario
Mon Sep 19 20:07:41 +0000 2016,7.78E+17,#Migrant farm workers deserve better from Canada https://t.co/MWN77elp6g #refugees #immigration #cdnimm,0,2,174458272,Jamie Chai Yun Liew,thechaiyun,,"Lawyer|@uocommonlaw Prof #cdnimm, #refugee & #statelessness #law. Podcast Migration Conversations. Winner @ACWW Jim Wong-Chu Emerging Writer Award for Fiction.",4035,3624,SHUTDOWNMANUS|asylumseekers|auspol|refugees,
Mon Sep 19 22:40:16 +0000 2016,7.78E+17,How the Latest Great Migration Is Reshaping Europe https://t.co/p9OJZR14Yk,0,1,38309010,Farah Salka,Salkation,Beirut,"“When you’re accustomed to privilege, equality feels like oppression.”",873,1004,,
Mon Sep 19 23:51:02 +0000 2016,7.78E+17,How the Latest Great Migration Is Reshaping Europe https://t.co/7EvcgQajDh,1,1,48341875,Pedro Ugarte,ugartep,"ÜT: 28.630007,77.219923","Photojournalist, head of AFP photo Latam, before in Hong Kong, India, East Africa and Jerusalem. Salsa devotee. Views here are mine of course.",1398,4466,,
Mon Sep 19 20:59:32 +0000 2016,7.78E+17,German Police vs. Islamic Immigrants https://t.co/8cfYPIZwvP MT @sue51684 #Immigration #Refugees #mondaymotivation #MAGA,0,1,43232530,✝Steph 🇺🇸 🕊🌞🏕🏃‍♀️🧶🧵🗽,EternalRiteWing,Midwest-Southwest,"Show me your friends, I’ll show you your future. U.S. falls w/out God. Change school curriculum to undo Marxist brainwashing. #BLM = Marxism #KAG2020 #FightBack",17450,26205,Immigration|MAGA|Refugees|mondaymotivation,
Mon Sep 19 21:19:28 +0000 2016,7.78E+17,Nice story about Syrian refugees in Canada but immigration is controlled so quite different from Europe #bbcnews #Syria,2,1,323693432,Bruce,Brucebfg,Deepest Sussex!,"Ye olde music, architecture, gardening, photography, Spurs and a little bit of politics and not necessarily in that order ...",1506,1506,Immigration|Refugees|Terrorists,Raddmom|hanktastic1776
Wed Sep 28 22:26:44 +0000 2016,7.81E+17,"98% of these men officially refugees yet Aust govt sending back to be tortured, arrested, persecuted. #humanrights https://t.co/18qLsGvGtK",6,21,109253406,Jodi Magi,Jodi_Magi,"Melbourne, Victoria","Artist, designer & advocate for #refugee rights, #ClimateJustice & exposure of human rights abuses in the #UAE.",613,523,OhioState|Somalia,
Wed Sep 28 20:14:31 +0000 2016,7.81E+17,"#SHUTDOWNMANUS 
Manus Island, immigration policy and the men with no future https://t.co/Vem0WEKfHe 
#refugees #asylumseekers #auspol",4,20,156881548,RISE eX-detainees,riserefugee,Melbourne,"RISE is the FIRST  eX-detainee, Asylum seeker & Refugee welfare & advocacy org in Australia, entirely governed & run by eX-detainees, Asylum Seekers & Refugees.",11,12655,SHUTDOWNMANUS|asylumseekers|auspol|refugees,
Wed Sep 28 20:01:15 +0000 2016,7.81E+17,Staff in Oz detention centre in PNG admit that refugees are being induced and intimidated to return to danger https://t.co/lpPRmAtJQu,3,11,764684670,Phil Lynch,PhilALynch,Genève and Melbourne,"Director of International Service for Human Rights (@ISHRglobal). Former head of @rightsagenda & @homelesslaw. Love family, cycling, coffee & great outdoors!",1974,7920,CLUExchange,
Wed Sep 28 19:23:09 +0000 2016,7.81E+17,The New Europeans: what a great feature on #refugees &amp; the #refugeeswelcome spirit by @rkunzig… https://t.co/3I3Blm5UNW,6,4,2365672292,Thomas Coombes,the_hope_guy,Berlin,"Founder, @hopebasedcomms. #HumanRights communicator. Hopeful for a living, grumpy in my spare time.  he/him",3171,7359,immigration|refugees,Refugees
Wed Sep 28 19:19:57 +0000 2016,7.81E+17,"Refugees risk everything. They deserve opportunity, hope &amp; dignity. https://t.co/Sfcbij0Fu8 https://t.co/c1Msu9ytv8",2,3,20255925,Atlantic,atlantic,,The Atlantic Philanthropies is a limited life foundation dedicated to advancing opportunity and promoting equity and dignity.,2369,14885,Migrants|Refugees|Trump,Fusion|sararafsky
Wed Sep 28 21:38:17 +0000 2016,7.81E+17,Secret Report: #Terrorists Running Wild w/in U.S. Borders https://t.co/os4HRoqQGc @sue51684 @hanktastic1776 @Raddmom #Immigration #Refugees,0,3,43232530,✝Steph 🇺🇸 🕊🌞🏕🏃‍♀️🧶🧵🗽,EternalRiteWing,Midwest-Southwest,"Show me your friends, I’ll show you your future. U.S. falls w/out God. Change school curriculum to undo Marxist brainwashing. #BLM = Marxism #KAG2020 #FightBack",17450,26205,Immigration|Refugees|Terrorists,Raddmom|hanktastic1776
Wed Sep 28 22:48:10 +0000 2016,7.81E+17,Australias complete &amp; utter failure to provide for refugees is sending men from Manus home after years of detention https://t.co/cHJAdYSkfX,1,2,1514829109,Andonea Dickson,AndoneaDickson,,"Doctoral candidate in Politics & IR Queen Mary University of London | @QMPoliticsIR | Interested in maritime borders & migration 
Pronouns: she/her",569,312,,
Wed Sep 28 21:19:19 +0000 2016,7.81E+17,How the Latest Great Migration Is Reshaping Europe. @friscobee @SJ_translations @SarahTranslate  https://t.co/o3sHmlHsfo,4,2,521821365,Matthew Kushinka,Matthew_RedLine,"Grand Rapids, Michigan","Head of RedLine Language Services LLC. I tweet about language use, writing, blogging, foreign languages, translation, SEO, and digital marketing.",831,771,,
Wed Sep 28 20:13:02 +0000 2016,7.81E+17,Alejandro Gonzalez #Inarritu is making a #virtualreality short #film about #refugees &amp; #immigration. https://t.co/ByCIufykVy #Filmmaking,2,2,1469573318,Nathan Francis,NathanFrancis__,Meatspace/Cyberspace,Passionate about the #arts and #digitalculture. #AI #AR #Art #Environment #Film #History #Literature #MR #Music #Philosophy #Politics #SciFi #Tech #VR,4006,4035,,TEN_GOP
Wed Sep 28 23:32:04 +0000 2016,7.81E+17,@realdonaldtrump Stop pers attacks-Focus on emails-O-care-C Core-guns-IMMIGRATION-unvettable refugees-Internet 2 U.N.-TPP @calicrusader,0,2,2555910984,Betty Robinson,bettyLR702,,,222,84,Immigration|Refugees|profughi,
Thu Sep 01 21:00:20 +0000 2016,7.71E+17,“There remains an underlying racist sentiment in the immigration and refugee debate.” https://t.co/XVf2yz7oFD #Brexit via @WritersofColour,13,19,53339966,Senthorun Raj ✨,senthorun,"Manchester, England",Dr Sparkles ✨ | Professional Gay 🏳️‍🌈 | Tamil Queen 🦄 | He/Him 💁🏾‍♂️                             PS: I represent no one.,898,14102,Brexit,WritersofColour
Thu Sep 01 20:36:06 +0000 2016,7.71E+17,"Immigration Reading List: Against Racism, Against Borders—Refugees and Migrants Welcome! https://t.co/5qg9aQjQWg https://t.co/dkM4LJpjaa",8,5,23187207,Verso Books,VersoBooks,London & New York,"Verso Books is the largest independent, radical publishing house in the English speaking world.",5465,110766,Refugee|refugees,CounterJihadUS
Thu Sep 01 21:36:41 +0000 2016,7.71E+17,"Cameron promised to take in 20,000 Syrian refugees. What have the Tories actually delivered? - https://t.co/sbAxzq0zUK",3,5,19287584,Michael,therightarticle,,Nobody is going to pour truth into your brain. It's something you have to find out for yourself.,9162,16000,,
Thu Sep 01 23:22:17 +0000 2016,7.71E+17,Excellent video on the strength skills and talent that refugees bring to our community #integration #immigration https://t.co/HCUItxzd3B,4,3,2447216846,AngeliqueReddyKalala,MonctonMyHome,Moncton,,2381,1155,immigration|integration,
Thu Sep 01 22:32:41 +0000 2016,7.71E+17,Anyone who considers voting against immigration of refugees needs to read this first https://t.co/yEqHi3UchZ,5,2,107396736,Conor McGrane,ConorTMcGrane,"North County Dublin, Ireland","Father of 2 great boys, Husband, Cyclist, GP. Good at some bad at others but trying to get better #YNWA",3313,3695,Refugees,
Thu Sep 01 18:31:40 +0000 2016,7.71E+17,"Despite #immigration critics, Syrian refugees in Southern California are settling in https://t.co/dQD6Zkr2th via @kpcc",2,2,170090195,Leslie Berestein Rojas,Multi_American,"Pasadena, Calif.","I report on immigration and emerging communities for @KPCC in Los Angeles. Latina, parent, 1.5 gen, Eastside. Más café, please.",665,3036,Immigration|Refugees|TuesdayThoughts,
Thu Sep 01 20:32:46 +0000 2016,7.71E+17,ICYMI! #andreakayeshow Price of a #Hillary win #refugees #immigration #Trump #Kaepernick @tomdelbeccaro @realside  https://t.co/TlWT0Y9iNM,2,2,501060187,andrea kaye 💥🧨🍩🇺🇸,andreakayeshow,"San Diego, CA","Don't stop the combine for the field mice

Typos are my own",7572,13731,Refugee|refugees,CounterJihadUS
Thu Sep 01 18:00:49 +0000 2016,7.71E+17,"Despite immigration critics, Syrian refugees in Southern California are settling in https://t.co/Tq6656e3Sw https://t.co/m3iHMpOKsU",6,2,12804312,89.3 KPCC,KPCC,"Los Angeles, California","Independent news and conversation about your community from your friendly local public radio station. Home to @npr news, @airtalk, @taketwo, @theframe & @laist.",2192,121526,immigration|refugees,Refugees
Thu Sep 01 23:52:37 +0000 2016,7.71E+17,More savage violence by illegal aliens: https://t.co/J7Z46i62OO #Trump2016,0,2,1365484898,Concerned Virginia,Federalist46,"Virginia, USA",A network of citizens working to educate Virginians about the economic and security risks of crooked Hillary Clinton.,536,347,Trump2016,
Thu Sep 01 18:14:40 +0000 2016,7.71E+17,For all those upset with Trump over illegal immigration - Hispanics alone at 76% gov funding. Refugees - many totally on gov funding.,0,1,159230211,Blanche Victoria,tammytabby,Georgia,"Native of New York City, NY. 
Conservative.
Corporate Assistant-Banking, Oil.
Enjoy Photography -Cooking- Politics.

#CONSTITUTION #AmericaFirst  #KAG",22085,22058,,MemesMustFlow|voxday
Sat Sep 10 15:21:27 +0000 2016,7.75E+17,"""#RedCross, #Immigration &amp; the Police killed me with their slogans of humanity and cruel treatments"" https://t.co/Jf3SfzqUXk #refugees",3,4,156881548,RISE eX-detainees,riserefugee,Melbourne,"RISE is the FIRST  eX-detainee, Asylum seeker & Refugee welfare & advocacy org in Australia, entirely governed & run by eX-detainees, Asylum Seekers & Refugees.",11,12655,EU|MigrantsDay|TRALIM|asylum|immigration|lawyers,
Sat Sep 10 17:23:08 +0000 2016,7.75E+17,ICYMI! #andreakayeshow From @actforamerica Conference! #radicalislam #refugees #immigration #RedNationRising  #Trump https://t.co/oBsxY2aMmJ,1,3,501060187,andrea kaye 💥🧨🍩🇺🇸,andreakayeshow,"San Diego, CA","Don't stop the combine for the field mice

Typos are my own",7572,13731,,TorontoStar
Sat Sep 10 17:50:22 +0000 2016,7.75E+17,"#Refugees Activists surround #yarlswood #detention centre with wall of noise
https://t.co/BfMH29BfWw #Asylum #immigration #UKpol",0,3,45842327,Tienga N,The_UK_Migrant,London,"Happy Cameroonian, UK resident & forever migrant. All things migrants, asylum, refugees, homeless & carers.
MC member @Right_To_Remain",2114,2122,MAGA|immigration|terror,
Sat Sep 10 14:23:50 +0000 2016,7.75E+17,"In England Conservatives screwing up Education, NHS, Brexit,  Refugees, immigration, Nat Debt, Public Services, Tax avoidance.
#clueless",1,2,57736085,Alistair McGregor  🐝 🏴󠁧󠁢󠁳󠁣󠁴󠁿 🇰🇪,gregalach,Scotland Kenya,"Kenyan Scottish European. Self determination, Social Justice will only come with independence.
Hate poaching & mistreatment of animals",3092,3038,,
Sat Sep 10 18:51:34 +0000 2016,7.75E+17,"Euro MPs to finally confront disastrous EU asylum policy made a mockery of by Merkel
https://t.co/7s8suooSXp https://t.co/GvfivdtsEe",0,1,1391800248,Kari Immonen,TipiKari,Finland,Facebook: Kari Immonen,131,119,,
Sat Sep 10 19:15:11 +0000 2016,7.75E+17,C-K recognized as 'welcoming community' #ckont https://t.co/APdeik8yuQ,0,1,274635260,Chatham Daily News,Chathamnews,"Chatham, Ontario, Canada","We are the No. 1 source of news in the Municipality of Chatham-Kent, with an award-winning team and an office in the heart of downtown Chatham.",132,6783,ckont,
Sat Sep 10 19:49:18 +0000 2016,7.75E+17,@AMTrump4PRES .. Build the wall stop illegal immigration and Muslim terrorist refugees ! Now ! @realDonaldTrump #TRUMP2016 #seanhannity @NRA,1,1,403748836,Terry St.Onge,TerryStOnge,,100% AMERICAN .... Adrenaline Adventure Junkie / Treasure Hunter CHECKING the WORLD OUT !!! .. MOLON LABE ! .. Made in USA ! ..🇺🇸 MAGA TRUMP 2020 KAG ! 🇺🇸,4916,4736,guncontrol,
Sat Sep 10 16:03:22 +0000 2016,7.75E+17,Frightening statistic! #UN4RefugeesMigrants #refugeeswelcome #immigration #refugees https://t.co/ytIml49eeY,0,1,2886862597,HeinLawFirm,HeinLegal,"Saint Louis, Missouri | USA",International Immigration Lawyers-Abogados Internacionales Bilingües Inmigración | USA-Mexico-Argentina-Australia-Colombia rhein@heinlegal.com +314.645.7900,840,341,,
Sat Sep 10 20:01:03 +0000 2016,7.75E+17,Angela Merkal's possible motivations to discard caution in welcoming Syrian refugees and the price she's paying https://t.co/efuVyQpJ39,0,1,15949696,The American Prospect,TheProspect,"Washington, D.C.","The American Prospect is an independent political magazine that aims to advance liberal and progressive goals through reporting, analysis, and debate.",2870,49403,,
Sat Sep 10 16:32:02 +0000 2016,7.75E+17,"https://t.co/py49CCIydT
Canada has to rethink its immigration strategy asap.",0,1,291198260,SamSense,SamSense,,,266,75,Immigrants|Immigration|Trump|ccot|p2|pjnet|tcot|tgdn,
Mon Sep 19 20:25:14 +0000 2016,7.78E+17,Trump now conflating refugees seeking refuge with all immigration.,10,7,319666759,Candace Smith Chekwa,CandaceSmith_,New York,Journalist w/ @ABC. Former presidential candidate chaser. Howard alum. Saved by grace. Love news almost as much as food. Almost.,1474,12689,Refugee|refugees,CounterJihadUS
Mon Sep 19 20:22:26 +0000 2016,7.78E+17,How the latest great migration is reshaping Europe - nice work from @NatGeoMag https://t.co/d5rUvSatR8,2,5,40842974,Yasmin El-Rifae,yasminelrifae,Cairo,Editor @madamasr. Producer @palfest.,646,3182,,SpeakerRyan|realDonaldTrump|sassysassyred|senatemajldr
Mon Sep 19 21:11:01 +0000 2016,7.78E+17,2015: May argues immigration threatens cohesion of society https://t.co/t3BhtV5q6A,4,4,270327100,Nigella,nigella_i5e,UNITED KINGDOM 🇬🇧,#walkaway #freespeech Animal lover🐕 KAG 🇺🇸 #trump❌ #brexit 🇬🇧anti-EU #prolife #BLEXIT #farage❤️ #defundthebbc #WLM✊🏻#parler #climaterealist MAGA #reformuk,25831,25626,,
Mon Sep 19 20:43:08 +0000 2016,7.78E+17,Stort og flot indslag fra National Geographic om hvordan migrationen påvirker og ændrer Europa. https://t.co/Hs15H1LGSb,3,4,105891279,Poya Pakzad,ppkzd,"Denmark, Copenhagen","Economic policy advisor @Enhedslisten / Red Green Alliance. RT's ≠ endorsements, tweets = personal. I co-edit @EftertrykMag. Sometimes I feign disbelief.",2019,5643,Khartoon|cartoon|illustrationfriday|immigration|poster|refugees,
Mon Sep 19 23:28:09 +0000 2016,7.78E+17,@rexsmith61_rex @NetworksManager It looks like congress is finally ready to take a stance against immigration of refugees.  Trump wins again,2,2,7.35E+17,Richard Kennedy,rkennedy00271,"South Bend, IN",,441,943,RUSharedRead|immigration,SLNazario
Mon Sep 19 20:07:41 +0000 2016,7.78E+17,#Migrant farm workers deserve better from Canada https://t.co/MWN77elp6g #refugees #immigration #cdnimm,0,2,174458272,Jamie Chai Yun Liew,thechaiyun,,"Lawyer|@uocommonlaw Prof #cdnimm, #refugee & #statelessness #law. Podcast Migration Conversations. Winner @ACWW Jim Wong-Chu Emerging Writer Award for Fiction.",4035,3624,SHUTDOWNMANUS|asylumseekers|auspol|refugees,
Mon Sep 19 22:40:16 +0000 2016,7.78E+17,How the Latest Great Migration Is Reshaping Europe https://t.co/p9OJZR14Yk,0,1,38309010,Farah Salka,Salkation,Beirut,"“When you’re accustomed to privilege, equality feels like oppression.”",873,1004,,
Mon Sep 19 23:51:02 +0000 2016,7.78E+17,How the Latest Great Migration Is Reshaping Europe https://t.co/7EvcgQajDh,1,1,48341875,Pedro Ugarte,ugartep,"ÜT: 28.630007,77.219923","Photojournalist, head of AFP photo Latam, before in Hong Kong, India, East Africa and Jerusalem. Salsa devotee. Views here are mine of course.",1398,4466,,
Mon Sep 19 20:59:32 +0000 2016,7.78E+17,German Police vs. Islamic Immigrants https://t.co/8cfYPIZwvP MT @sue51684 #Immigration #Refugees #mondaymotivation #MAGA,0,1,43232530,✝Steph 🇺🇸 🕊🌞🏕🏃‍♀️🧶🧵🗽,EternalRiteWing,Midwest-Southwest,"Show me your friends, I’ll show you your future. U.S. falls w/out God. Change school curriculum to undo Marxist brainwashing. #BLM = Marxism #KAG2020 #FightBack",17450,26205,Immigration|MAGA|Refugees|mondaymotivation,
Mon Sep 19 21:19:28 +0000 2016,7.78E+17,Nice story about Syrian refugees in Canada but immigration is controlled so quite different from Europe #bbcnews #Syria,2,1,323693432,Bruce,Brucebfg,Deepest Sussex!,"Ye olde music, architecture, gardening, photography, Spurs and a little bit of politics and not necessarily in that order ...",1506,1506,Immigration|Refugees|Terrorists,Raddmom|hanktastic1776
Wed Sep 28 22:26:44 +0000 2016,7.81E+17,"98% of these men officially refugees yet Aust govt sending back to be tortured, arrested, persecuted. #humanrights https://t.co/18qLsGvGtK",6,21,109253406,Jodi Magi,Jodi_Magi,"Melbourne, Victoria","Artist, designer & advocate for #refugee rights, #ClimateJustice & exposure of human rights abuses in the #UAE.",613,523,OhioState|Somalia,
Wed Sep 28 20:14:31 +0000 2016,7.81E+17,"#SHUTDOWNMANUS 
Manus Island, immigration policy and the men with no future https://t.co/Vem0WEKfHe 
#refugees #asylumseekers #auspol",4,20,156881548,RISE eX-detainees,riserefugee,Melbourne,"RISE is the FIRST  eX-detainee, Asylum seeker & Refugee welfare & advocacy org in Australia, entirely governed & run by eX-detainees, Asylum Seekers & Refugees.",11,12655,SHUTDOWNMANUS|asylumseekers|auspol|refugees,
Wed Sep 28 20:01:15 +0000 2016,7.81E+17,Staff in Oz detention centre in PNG admit that refugees are being induced and intimidated to return to danger https://t.co/lpPRmAtJQu,3,11,764684670,Phil Lynch,PhilALynch,Genève and Melbourne,"Director of International Service for Human Rights (@ISHRglobal). Former head of @rightsagenda & @homelesslaw. Love family, cycling, coffee & great outdoors!",1974,7920,CLUExchange,
Wed Sep 28 19:23:09 +0000 2016,7.81E+17,The New Europeans: what a great feature on #refugees &amp; the #refugeeswelcome spirit by @rkunzig… https://t.co/3I3Blm5UNW,6,4,2365672292,Thomas Coombes,the_hope_guy,Berlin,"Founder, @hopebasedcomms. #HumanRights communicator. Hopeful for a living, grumpy in my spare time.  he/him",3171,7359,immigration|refugees,Refugees
Wed Sep 28 19:19:57 +0000 2016,7.81E+17,"Refugees risk everything. They deserve opportunity, hope &amp; dignity. https://t.co/Sfcbij0Fu8 https://t.co/c1Msu9ytv8",2,3,20255925,Atlantic,atlantic,,The Atlantic Philanthropies is a limited life foundation dedicated to advancing opportunity and promoting equity and dignity.,2369,14885,Migrants|Refugees|Trump,Fusion|sararafsky
Wed Sep 28 21:38:17 +0000 2016,7.81E+17,Secret Report: #Terrorists Running Wild w/in U.S. Borders https://t.co/os4HRoqQGc @sue51684 @hanktastic1776 @Raddmom #Immigration #Refugees,0,3,43232530,✝Steph 🇺🇸 🕊🌞🏕🏃‍♀️🧶🧵🗽,EternalRiteWing,Midwest-Southwest,"Show me your friends, I’ll show you your future. U.S. falls w/out God. Change school curriculum to undo Marxist brainwashing. #BLM = Marxism #KAG2020 #FightBack",17450,26205,Immigration|Refugees|Terrorists,Raddmom|hanktastic1776
Wed Sep 28 22:48:10 +0000 2016,7.81E+17,Australias complete &amp; utter failure to provide for refugees is sending men from Manus home after years of detention https://t.co/cHJAdYSkfX,1,2,1514829109,Andonea Dickson,AndoneaDickson,,"Doctoral candidate in Politics & IR Queen Mary University of London | @QMPoliticsIR | Interested in maritime borders & migration 
Pronouns: she/her",569,312,,
Wed Sep 28 21:19:19 +0000 2016,7.81E+17,How the Latest Great Migration Is Reshaping Europe. @friscobee @SJ_translations @SarahTranslate  https://t.co/o3sHmlHsfo,4,2,521821365,Matthew Kushinka,Matthew_RedLine,"Grand Rapids, Michigan","Head of RedLine Language Services LLC. I tweet about language use, writing, blogging, foreign languages, translation, SEO, and digital marketing.",831,771,,
Wed Sep 28 20:13:02 +0000 2016,7.81E+17,Alejandro Gonzalez #Inarritu is making a #virtualreality short #film about #refugees &amp; #immigration. https://t.co/ByCIufykVy #Filmmaking,2,2,1469573318,Nathan Francis,NathanFrancis__,Meatspace/Cyberspace,Passionate about the #arts and #digitalculture. #AI #AR #Art #Environment #Film #History #Literature #MR #Music #Philosophy #Politics #SciFi #Tech #VR,4006,4035,,TEN_GOP
Wed Sep 28 23:32:04 +0000 2016,7.81E+17,@realdonaldtrump Stop pers attacks-Focus on emails-O-care-C Core-guns-IMMIGRATION-unvettable refugees-Internet 2 U.N.-TPP @calicrusader,0,2,2555910984,Betty Robinson,bettyLR702,,,222,84,Immigration|Refugees|profughi,
Sat Oct 01 20:53:13 +0000 2016,7.82E+17,We're working to stop this--&gt; Refugees admitted without papers despite ‘significant’ number tied to terror. #tcot  https://t.co/MOY3swX8zw,214,210,90651198,Greg Abbott,GregAbbott_TX,"Austin, TX",Texas Governor Greg Abbott's Personal Twitter Feed,2906,485060,Khartoon|cartoon|illustrationfriday|immigration|poster|refugees,
Sat Oct 01 18:57:27 +0000 2016,7.82E+17,The New Europeans: How The Latest Great Migration Is Reshaping Europe https://t.co/7r29iiFEjH,12,10,1002351,Alberto Nardelli,AlbertoNardelli,"London, England","Correspondent-at-large for Europe, Bloomberg. Formerly BuzzFeed News, The Guardian. Send me tips: anardelli@bloomberg.net / DMs open, ask for Signal, ProtonMail",5929,88409,,
Sat Oct 01 23:01:24 +0000 2016,7.82E+17,"This stunning collection of photos and videos is a perfect Sunday morning read: 
https://t.co/XwwpSlkuTe",0,5,313083365,Refugee Council,OzRefugeeCounc,Australia,We are the national body representing over 200 organisations & thousands of individuals who work with and for refugees & people seeking asylum.,2514,20670,Download|Immigration|RT|Refugees,
Sat Oct 01 18:32:52 +0000 2016,7.82E+17,DHS Official Admits: ‘Many’ Refugees Have Been Convicted of Terrorist Offenses in U.S. https://t.co/ZiTI8d8WeJ,1,4,328278834,El_Grillo,El_Grillo1,I was there almost at the beginning,Carefully collated stream of political conflict & terrorism; occasional snark. The opinions expressed are not necessarily my own - so feel free to use them.,377,3977,,MemesMustFlow|voxday
Sat Oct 01 18:16:25 +0000 2016,7.82E+17,Background to tomorrow's vote in Hungary on immigration. &gt;&gt; Far right govt launches racist referendum on refugees https://t.co/5mJvI4E2af,0,2,376397893,mlavalette 🚩,mlavalette,Liverpool (via North Ayrshire),"Social Work Action Network. Prof @ L'pool Hope. Regular visitor to Palestine. Socialism, Celtic & cycling. No to racism, austerity and war. Refugees welcome.",619,1971,,
Sat Oct 01 19:07:48 +0000 2016,7.82E+17,"Three powerful talks this morning on immigration, refugees, and human trafficking at #CLUExchange",2,1,308070075,Rob Mittelman,RobMittelman,"Victoria, Canada","Acting Dean, Faculty of Management @RoyalRoads. Tweeting mostly about social entrepreneurship & social innovation, sometimes about baseball & dogs.",1515,559,CLUExchange,
Sat Oct 01 19:13:10 +0000 2016,7.82E+17,Lesetipp: balancierter Blick von außen auf Deutschlands Integrations-Erfolge &amp; -Herausforderungen https://t.co/VOFL5umU5c v @AlbertoNardelli,1,1,71316814,Josef Lentsch,joseflentsch,"Berlin, Germany","Tomorrow’s politics, today | Partner @politicsawards | #PoliticalEntrepreneurship 📚 https://www.springer.com/gp/book/9783030028602 | 💍 @alena_buyx",1191,3665,,
Sat Oct 01 21:11:25 +0000 2016,7.82E+17,Just got the latest @NatGeo issue just for this photostory How the Latest Great Migration Is Reshaping Europe https://t.co/jfCMTlUwau,2,1,281450872,Natalia Balyasnikova,_balyasnikova,"Toronto, ON",Asst Professor of Adult Education @YorkUeducation. PhD in TESL @UBC_LLED.  Educational Gerontology | Community-Engaged Research | Arts & Storytelling. She/her.,792,844,,NatGeo
Sat Oct 01 23:58:36 +0000 2016,7.82E+17,RT @GregAbbott_TX: We're working to stop this--&gt; Refugees admitted without papers despite ‘significant’ number tied to terror. #tcot  https…,0,0,186559921,DEPLORABLE KPinNC,NoMoreCommonSns,"Goldsboro, NC","US Navy Vet, Retired. Database programmer and computer tech. . amateur photographer, re-learning guitar, still a computer geek!  #TRUMP2016 #MAGA #NeverHillary",976,621,,RidiculousBS
Sat Oct 01 20:50:09 +0000 2016,7.82E+17,"Rita Panahi and Dave Rubin: Australian Politics, Immigration, and Refugees (Full Interview) - YouTube https://t.co/9Xuesn0QUc",0,0,32272478,Mario Cobos .,mariocobos2001,,#Humanism #Science #Books #Latism #1World #1HumanRace #SETI #ScienceFiction #Español #Straight4Equality #UniteBlue #Documentaries #NoBrainwash #Secular #Latino,1529,2110,,
Mon Oct 10 22:25:39 +0000 2016,7.86E+17,How 'keep people in region' has turned to 'stop people escaping persecution': #SyrianRefugees https://t.co/u6grXImxge via @POLITICOEurope,6,8,3870167607,Steve Valdez-Symonds,stevesymondsAI,,Amnesty UK refugee & migrant rights programme director. Tweets relate more or less to issues on which I work. For media enquiries: https://tinyurl.com/y85ycyz6,162,2868,SyrianRefugees,POLITICOEurope
Mon Oct 10 19:11:37 +0000 2016,7.86E+17,My @qanda wrap: Stories to shock and shame us. https://t.co/bGG7t74iVj @smh #qanda #AsylumSeekers #refugees https://t.co/HUHOMcoxWy,4,7,17250722,Neil McMahon,NeilMcMahon,Melbourne,"Journo. Author. Teacher. SMH, Age, San Fran Chronicle, Washington Times, Cape Argus over the years. Exclusive original work at https://t.co/EXQRqRFR0y",7347,12963,AsylumSeekers|qanda|refugees,QandA|smh
Mon Oct 10 20:02:45 +0000 2016,7.86E+17,"The language of immigration &amp; refugees is insufficient to capture an emergent history. @SaskiaSassen @open_migration
https://t.co/tkiXzd0Pqe",6,6,2368959835,migrationcities,migrationcities,,"Filling the gap between a sociologist and an urban designer. City lover, #Migration Urbanism, DiverCITY (DE, EN).",254,554,Immigrants|Immigration|Trump|ccot|p2|pjnet|tcot|tgdn,
Mon Oct 10 22:52:36 +0000 2016,7.86E+17,Undocumented immigrant vs illegal alien https://t.co/Xe4wltRByP,2,3,2199862364,gays anatomy,CamuelS,,woosh '22 ☄️she/her,192,131,,
Mon Oct 10 21:05:42 +0000 2016,7.86E+17,"@SpeakerRyan IS THE TRAITOR OF ALL TRAITORS supports mass immigration, refugees and offshoring jobsTPP. DISHONORABLE DOUCHE @JaredWyand",0,1,1893836046,GaryWellings,garydailydrift,"The Daily Drift, Drift Radio","#M A G A  Host of #TheDriftRadio Show   Chief Editor of #TheDailyDrift
http://TheDailyDrift.com
http://BZENonline.com
http://GaryWellings.com",25152,23984,,myHNN
Mon Oct 10 19:57:50 +0000 2016,7.86E+17,@TEN_GOP Yet..HRC will continue bring in Refugees..open borders...unlimited immigration from middle-east..God help us!,1,1,7.30E+17,GAJ,Gloann5,,,42,250,,TEN_GOP
Mon Oct 10 20:14:26 +0000 2016,7.86E+17,"1 | To American Exceptionalists. Issue in recent Canadian election included religion, immigration, refugees, terrorism, &amp; climate change.",0,1,17943537,Bill Gardner,Bill_Gardner,"Ottawa, Ontario",Chair in Child & Adolescent Psychiatry Research & Prof of Epi at U of Ottawa. Recovering American. http://scholar.google.ca/citations?user…,1923,3532,Refugee|refugees,
Mon Oct 10 20:48:35 +0000 2016,7.86E+17,RT @sturdyAlex: This is what people voted on. Not immigration. Not the Single Market. Not refugees. None of the crap you're projecting. Jus…,0,0,61743809,Mark Burnley,DrMarkBurnley,Earth,"Exercise physiologist, below average genius, ex-PhD student.",980,4432,Khartoon|cartoon|illustrationfriday|immigration|poster|refugees,
Mon Oct 10 20:37:28 +0000 2016,7.86E+17,"RT @snorthfield45: Ready for tonight's debate? Here's @hrw's human rights primer - Gitmo, torture, immigration, refugees and more..https://…",0,0,1059532152,MAADI HOTTI ...,MaadiHotti,DURTY J3RZEY ...,"UP & COMING RECORDING ARTIST, EXECUTIVE PRODUCER,SONG WRITER,DIRECTOR, SCHOOL FOR FILM & TELEVISION, FORMER ROAD MANAGER ETC. 
Always key: 
loyalt honesty trust",2,16,,TorontoStar
Mon Oct 10 20:39:07 +0000 2016,7.86E+17,RT @sturdyAlex: This is what people voted on. Not immigration. Not the Single Market. Not refugees. None of the crap you're projecting. Jus…,0,0,2209309133,Natalie Allett,AllettNatalie,northamptonshire,"a carp girlfriend who makes the tea and coffee, good pub grub,loves pandas and AMR-WEC,all things on wheels,inc steam trains",249,117,Refugee|refugees,CounterJihadUS
Wed Oct 19 19:06:56 +0000 2016,7.89E+17,Thousands of refugees successfully sue German government https://t.co/6Ay198qOuf,13,45,16973333,The Independent,Independent,"London, England","News, comment and features from The Independent. 

Try an ad-free experience with access to premium articles with our app: https://t.co/XGI8DtCR6B",757,3444845,,
Wed Oct 19 18:03:48 +0000 2016,7.89E+17,60% of people in #immigration #detention are released without  being returned to their country of origin #LSEliberty #refugees #asylum,1,9,131876235,Lucy Gregg,lugregg,London,Head of Secretariat @UKNPM working to prevent ill-treatment in places of detention | Formerly legal protection team @UNHCRUK + @FreefromTorture | Tweets my own,2387,1362,,MemesMustFlow|voxday
Wed Oct 19 18:00:03 +0000 2016,7.89E+17,Syrian #refugees build new lives in the Pacific Northwest https://t.co/2oWynw83zP @Refugees #immigration… https://t.co/uQs51Ar948,1,6,16745147,KCTS 9,KCTS9,"Seattle, WA and Vancouver, BC","KCTS 9 provides the widest variety of PBS programs that entertain, inform and connect you with your community. KCTS 9 is a service of Cascade Public Media.",2648,80517,immigration|refugees,Refugees
Wed Oct 19 20:32:00 +0000 2016,7.89E+17,"More than 17,000 refugees in #Germany have sued the government for not giving them full refugee status. https://t.co/jWb2Es1Y9Y",2,5,3536950594,Humanity on the Move,HumanityOTM,,"Humanity on the Move shines a light on the struggle for equal rights for refugees, migrants & the displaced. Watch: https://bit.ly/2wTyATJ",81,214,OhioState|Somalia,
Wed Oct 19 21:57:45 +0000 2016,7.89E+17,Thousands of refugees successfully sue German government https://t.co/y50ZtNpw3w,0,2,170807131,パラナより愛をこめて,frontier2ban,en Brasil,かみさんと二人でパラナ州の僻地に引っ越しました良いところは何も無いところで悪いところは何も無いところです。,731,1265,,
Wed Oct 19 23:40:05 +0000 2016,7.89E+17,"""These migrants today are refugees."" - @SLNazario #RUSharedRead #immigration",0,1,7.76E+17,Jason Mount,JmountNews,,Journalism minor @ Rider University. News is cool,46,9,RUSharedRead|immigration,SLNazario
Wed Oct 19 19:40:47 +0000 2016,7.89E+17,Honored to win Honorable Mention for the 2016 Immigration Journalism Award for my @VICE article on Africa's LGBT refugees with @jakenaughton,7,1,136662972,Jacob Kushner,JacobKushner,"Nairobi, Kenya","Journalist writing about refugees, foreign aid, prejudice, corruption. Kenya, Congo, Germany, Haiti, DR. Author: China's Congo Plan https://t.co/EyF7neTtRV…",1197,5230,,VICE|jakenaughton
Wed Oct 19 23:58:42 +0000 2016,7.89E+17,"@AuntyShiba @RidiculousBS Newspeak.

Illegal immigrant → undocumented citizen
Migrants → refugees
Muslim terrorist → mentally ill terrorist",0,0,224330847,Man of MLP's 10th Anniversary🥛🦄👌,Prototype_No_07,"Rotterdam, The Netherlands","That Chinese guy who likes drawing, all things military, and tiny cartoon equines. Loves mankind and knowledge, loathes political correctness. #NotYourShield",59,715,,RidiculousBS
Wed Oct 19 19:24:57 +0000 2016,7.89E+17,RT @Independent: Thousands of refugees successfully sue German government https://t.co/6Ay198qOuf,0,0,2541458987,Samantha,sreynolds196777,Essex,RealHousewivesofEssex,2201,2467,Khartoon|cartoon|illustrationfriday|immigration|poster|refugees,
Wed Oct 19 19:12:42 +0000 2016,7.89E+17,Independent: Thousands of refugees successfully sue German government https://t.co/XwMIxJPEPz,0,0,14109542,Waseem Radwan,WaseemRadwan,"Stockholm, Sweden","The more independent you are, the stronger you'll get.",155,279,,TorontoStar
Fri Oct 28 13:20:41 +0000 2016,7.92E+17,@Blazingcatfur Dont think this cant happen in Canada with huge increases in immigration and refugees. We are naive.,2,3,23608974,D. Fowler,Rythmol81,Canada,Fascinated by political hypocrisy! Climate has been changing since the earth was formed.,2951,2052,,
Fri Oct 28 15:06:27 +0000 2016,7.92E+17,"RT @willowhalegreen: Immigration officers TERRIFIED of challenging the ages of ""child refugees"" for fear of ... https://t.co/B6DBmKpyKW",1,3,279452513,zps,PrincessZPS,,,388,623,,willowhalegreen
Fri Oct 28 12:53:52 +0000 2016,7.92E+17,If you are not sure whether to vote #Trump : Check the terrible state Germany is in thanks to mass immigration of refugees. #Debatenight,8,2,7.63E+17,Eulentrainer👉🏾👌🏻,EulentrainerRU,,Eulentrainer und Stichgeber. Homoerotisches Waldtraining wird mit Nackenklatschern bestraft. Alle Tweets sind ausnahmslos Satire,108,194,,
Fri Oct 28 19:35:25 +0000 2016,7.92E+17,"Our immigration system should be a means of welcoming migrants, refugees, and immigrants, not incarcerating them!… https://t.co/dxNxqueoZ6",2,2,15731165,New York Immigration Coalition,thenyic,Press@nyic.org,The NYIC is an advocacy group that brings together more than 200 diverse member organizations to advance justice & opportunity for all.,1845,20692,Immigration|Refugees|profughi,
Fri Oct 28 14:44:05 +0000 2016,7.92E+17,"""What does it take for journalists to cover migration in the US and the EU today? What are some of the... https://t.co/ctlnwmobdU",1,1,120186922,UMass Public History,umassph,"Amherst, MA","Since 1986, we've provided a link between the University and the Commonwealth's variety of institutions that preserve and communicate history to the public.",442,1515,,TorontoStar
Fri Oct 28 09:29:47 +0000 2016,7.92E+17,If you are interested in helping us @Islingtonlabour with refugees please visit the Islington Council website: https://t.co/Q2bBujcPgR,0,1,76290741,Islington Labour,IslingtonLabour,"Islington, London",Islington Labour - On Your Side.  News & updates from your Islington Labour Councillors. Working hard to make Islington a fairer place for all.,1121,6593,Refugee|refugees,CounterJihadUS
Fri Oct 28 15:08:17 +0000 2016,7.92E+17,A Tale of 2 Evictions: Displacement @ #NoDAPL #standingrock &amp; #CalaisJungle https://t.co/HTLTKQqiNd #Immigration #Refugees #native #Calais,0,1,72227167,Michelle Z Chen,meeshellchen,"New York, New York","Keen observer. Unworthy surveillance target. Occasionally spotted at @TheNation @DissentMag, #Belabored & @APFRadio.",694,5806,Calais|CalaisJungle|Immigration|NoDAPL|Refugees|native|standingrock,
Fri Oct 28 16:03:26 +0000 2016,7.92E+17,"Asylum seekers pour into Paris, set up tents on streets as Calais camp closes (VIDEO, PHOTOS) https://t.co/DIYfhy1K5F #Immigration #France",0,1,7.52E+17,AvgAmericanCitizen,pokemon4pres,,Harnessing the power of Pokemon! Advocating social/political awareness! Representing the unheard voice of average American citizens!,180,197,,JaninSpoor
Fri Oct 28 16:45:32 +0000 2016,7.92E+17,"‘Migrants are agents of development’, says @IOMchief https://t.co/2S6lN83EFk via @citiscope #immigration #refugees",1,1,2841149895,GDX,GDXryerson,"Toronto, Ontario, Canada","A think & do tank @TRSMRyersonU that identifies & amplifies links between prosperity, diversity & migration & anchors these in policy, research & practice.",1529,2302,Refugees,
Fri Oct 28 18:42:56 +0000 2016,7.92E+17,Syrian boys arrested on suspicion of sexually assaulting girls at pool https://t.co/R3coh1vozA 7 year old. Fuck immigration fuck refugees,0,1,298468825,Bilal #MayfairBoys #3Skrapz,Pro4TLZZ,,20 | IT Support Engineer,1863,2132,,IEquality
Tue Nov 01 17:58:34 +0000 2016,7.94E+17,"Unvetted, #Syrian immigration to U.S. up 675 percent over last year:

https://t.co/W0t8AXKfNl

#TeaParty #Syria #ISIS #TrumpTrain #tcot",14,23,14828860,Michael Johns,michaeljohns,"New Jersey, USA 🇺🇸",National Tea Party movement co-founder and leader. Former @WhiteHouse speechwriter and @Heritage policy analyst. @UnivMiami grad. Phone/text: (609) 670-8142,148371,235525,,TulaneLaw
Tue Nov 01 20:28:30 +0000 2016,7.94E+17,"Sponsored refugees fare better than government-assisted peers, study shows  https://t.co/25JtPj1fq0 via @torontostar",4,2,3222423606,Lifeline Syria,LifelineSyria,"Toronto, Ontario",Founded in June 2015 in response to the ongoing humanitarian refugee crisis to assist sponsor groups to welcome and resettle Syrian refugees in the GTA.,639,3050,,TorontoStar
Tue Nov 01 19:02:11 +0000 2016,7.94E+17,"‘Alan Kurdi changed the world and saved many lives’  / The Star https://t.co/p2tXU5SzUH
#Syrian #Refugees #Toronto https://t.co/v2KWSGWITn",4,2,26453746,Syria Film Festival,syff,"Toronto, Canada ","Founded in 2015, the Syria Film Festival SYFF) is a volunteer-run, not-for-profit organization with a mission to bring Syrian cinema and culture to Toronto",238,429,Refugees|Syrian|Toronto,
Tue Nov 01 21:43:43 +0000 2016,7.94E+17,Wtf! #WakeUpAmerica Halt Immigration &amp; Refugees pay down debt! #BanSharia @omarbula @bfraser747 @BobMacAZ… https://t.co/A4Dq7SkqTp,5,2,106212919,Proud American🇺🇸,ACHopkinson,United States,Former LE Your integrity is your destiny it is the light that shines your way. Heraclitus #TRUMP #PATRIOT #LLTB #BANSHARIA #MAGA  #KAGA2020 #BuildTheDamnWallNow,4697,4855,BanSharia|WakeUpAmerica,BobMacAZ|bfraser747|omarbula
Tue Nov 01 21:40:10 +0000 2016,7.94E+17,The U.N. human rights investigator is visiting Australia's immigration detention centers https://t.co/qVt45XqcnL,1,1,137873079,Andersons Solicitors,andersons_sols,"Adelaide, Australia","South Australian lawyers practicing in family law, personal injury, employment law, wills/estates and commercial. Fighting for legal rights of all Sth Aussies",531,1431,,
Tue Nov 01 21:40:10 +0000 2016,7.94E+17,The U.N. human rights investigator is visiting Australia's immigration detention centers https://t.co/qcaL7Y2gyu,0,1,1075183758,Andersons Family Law,FamilyLawSthAus,South Australia,"We're the dedicated Family Law team at Andersons Solicitors, South Australia. Rest assured, whatever your family law issue, we will be there “fighting for you”.",532,686,,
Tue Nov 01 20:57:21 +0000 2016,7.94E+17,"Liberals want to increase immigration, take in more refugees. Shocker. They're bringing in more Liberal voters. #cdnpoli",1,1,24782816,Alan Poirier,alan_poirier,"Calgary, Alberta","30 years experience managing newspapers. Background in geology, physics, history, political science. Conservative thinker.",1782,5047,OhioState|Somalia,
Tue Nov 01 18:36:35 +0000 2016,7.94E+17,"Free Active Shooter &amp; Terrorist Attack Response Booklet
@ https://t.co/OyTo3VsqdO
#britexit #Immigration #Refugees… https://t.co/IeIibdxe9e",0,1,623110331,Orlando Andy Wilson,artfulgypzy,Wandering....,"International private investigator, hostile environment security consultant & trainer, published author, photographer & crime writer...",1964,2125,,TorontoStar|dmrider
Tue Nov 01 18:12:05 +0000 2016,7.94E+17,"@mtaval Economic immigration is one thing, bigger question about how refugees are viewed by Can gov in terms of 'demographic advantage'.",3,1,3523875076,Samira Saramo,samira_saramo,Canada and Finland,"Finnish migrant histories of life & death through life writing, maps and the senses. Place & Emotion. @koneensaatio Senior Researcher @info_migration. #FinnNAMS",902,591,,
Tue Nov 01 18:20:14 +0000 2016,7.94E+17,"@DanaSchwartzzz I hear you, but to the right, this is evidence that HRC is gaming the immigration system to flood USA with refugees voters.",8,1,562247987,Chirag Mehta,cmehta3,"Chicago,IL",Policy and Ideas Director for @communitychange. Tweets and opinions are my own.,962,513,Immigrants|Immigration|Trump|ccot|p2|pjnet|tcot|tgdn,
Thu Nov 10 19:38:30 +0000 2016,7.97E+17,Are their any journalists left? Xero is working with NZ Immigration to create a few jobs for actual (non-US) refuge… https://t.co/X5Dsu5XiU1,85,30,157216546,Rod Drury,roddrury,New Zealand,Serial Entrepreneur now funemployed. Founder of Xero and others.,691,42783,Khartoon|cartoon|illustrationfriday|immigration|poster|refugees,
Thu Nov 10 18:30:10 +0000 2016,7.97E+17,Australia and the US set announce an immigration deal that would clear refugees from Nauru. @JessicaPage7 #auspol https://t.co/1crs4O3mDB,1,6,156464691,7NEWS Sydney,7NewsSydney,Sydney,First for news in Sydney with @MarkFerguson_7 @michaelusher @Mel_Mclaughlin @DavidWBrown7 http://facebook.com/7newssydney,186,340200,auspol,JessicaPage7
Thu Nov 10 23:30:00 +0000 2016,7.97E+17,"Australia #BlockTheBill 

#Auspol 
#Immigration 
#Refugees https://t.co/yCTHbCgZ3j",3,5,156881548,RISE eX-detainees,riserefugee,Melbourne,"RISE is the FIRST  eX-detainee, Asylum seeker & Refugee welfare & advocacy org in Australia, entirely governed & run by eX-detainees, Asylum Seekers & Refugees.",11,12655,Auspol|BlockTheBill|Immigration|Refugees,
Thu Nov 10 19:27:07 +0000 2016,7.97E+17,.@AClaireLegendre spoke at the @FAF_US Journalism Immigration Award. It is critical to tell the dramatic stories of… https://t.co/6d9RrSDjBo,10,4,85674909,Consulate of France in New York,franceinnyc,"New York, NY","Representing France in NY, NJ, CT and Bermuda. Follow our Consul General @JeremieRobertCG, the Embassy @franceintheus & our Ambassador @Ph_Etienne. 🗽🇫🇷",1850,14814,,CNN
Thu Nov 10 18:28:15 +0000 2016,7.97E+17,".@GovHerbert says Utah's positions on immigration won't change, says we're doing a good job with refugees. @fox13 #utpol",2,2,18493702,Ben Winslow,BenWinslow,"Salt Lake City, Utah",Coverer of news in Utah ranging from politics to courts to vice and polygamy. In search of the perfect anchorman hair. A warning: I tweet. A LOT.,3128,36913,EU|MigrantsDay|TRALIM|asylum|immigration|lawyers,
Thu Nov 10 23:11:42 +0000 2016,7.97E+17,"Greens Immigration spokesperson @NickMcKim will respond to reports of an imminent resettlement deal re Manus/Nauru refugees, 10:30am #auspol",1,1,1514752100,Political Alert,political_alert,"Parliament House, Canberra",Your partner in Parliament. CCH Political Alert provides immediate and unbiased political monitoring. Follow us for regular updates from Parliament House.,1566,22179,,
Thu Nov 10 23:03:08 +0000 2016,7.97E+17,Bad timing: Australia and US to announce an immigration deal that could clear 1800 ­refugees from Nauru &amp; Manus Island.Will it be Trumped!,0,1,168068824,Stephen W.T. Read,readsrested,Australia,"I had a severe stroke, right side buggered, who cares! Once you've seen the End, everything is trivial except love. Modesty,NONE! Opinionated YES!",1362,828,,
Thu Nov 10 21:44:51 +0000 2016,7.97E+17,But aren't those who want to move to Canada those who don't like Trump therefore likely to be more pro immigration/… https://t.co/H0TXXkOTma,3,1,158440775,Lu,_lucypayne_,IG: _lucypayne_,,391,746,,
Thu Nov 10 17:15:50 +0000 2016,7.97E+17,"@MemesMustFlow @voxday Wall quickly, but wall takes time. The immigration policies on refugees can be done on day 1.",1,1,7.54E+17,Laguna,unca_laguna,Behind you.,I say smart things and dumb things without pattern or middle ground.  Can you tell the difference?,123,93,,MemesMustFlow|voxday
Thu Nov 10 23:32:17 +0000 2016,7.97E+17,"It's official, US citizens look to flee to Canada after Trump win - CNET: The Canadian Immigration, Refugees and…… https://t.co/sQGu6ChHa5",0,1,215123222,Osayi George,ossylishuz,"Lagos, Nigeria","Quality Analyst | Designer | Writer 
@ http://techonmymind.com",1410,1250,,
Sat Nov 19 23:40:02 +0000 2016,8.00E+17,"#Refugee Fraud. 2/3 of UK’s dubious ‘child’ #refugees actually adults, immigration office says https://t.co/AtHmkwWIBa",28,41,4870746007,CounterJihad,CounterJihadUS,America- Land of the Free,We are a movement of American citizen-activists dedicated to safeguarding the country from the danger posed by Islamic Supremacists. Join the #CounterJihad now!,3311,13874,Download|Immigration|RT|Refugees,
Sat Nov 19 14:55:11 +0000 2016,8.00E+17,"Immigration Minister Peter Dutton is actually a  kind and generous person, he just persecutes refugees for show.",37,26,49835260,Dave Donovan,davrosz,Surfers Paradise,"Journalist, writer and founder of news website Independent Australia: @IndependentAus. Insolent, irascible and iconoclastic. One of Dingo's favourite sons.",23810,33408,,
Sat Nov 19 13:34:24 +0000 2016,8.00E+17,#Khartoon - Evolution of Immigration - #immigration #refugees #cartoon #poster #illustrationfriday https://t.co/nbIZsvac3p,9,7,26192631,ود البيه,khalidalbaih,"Copenhagen, Denmark","Artist.Cultural Producer. dislcsic writer. @thnkschool @EHFNewZealand @theRSAorg #CPH Guest Artist, Soros Art Fellow. ‘18 africa most influential. ✊🏿",2305,34391,Khartoon|cartoon|illustrationfriday|immigration|poster|refugees,
Sat Nov 19 17:24:25 +0000 2016,8.00E+17,"I totally agree, and it's nice to see someone else call them illegal aliens instead of this undocumented immigrant… https://t.co/xCEotkBEYu",3,4,4911015687,Paul W,GetThemOutaHere,"DuPage County, IL.","USMC 0311 VN COMBAT🎖VET.


RET INC.  SW CONSULTANT, CSE & CBOE.

JESUS IS MY LORD & SAVIOR. TRUMP IS MY PRESIDENT.
#ProLife
#DrainTheSwamp
#MAGA  #KAG
#USMC",3644,3339,,
Sat Nov 19 13:04:27 +0000 2016,8.00E+17,Refugees now a demonised group. New labour intensification on immigration ramped up anxious discourse. #RASW16,1,3,115975205,Nick,nickinoxford,Oxfordshire,"Founder/Director of @TwMCuk - Radical, anti-racist and rights based practice interests, UNCRC & migration nerd. @safeguardingBME member & trainer for a LSCB.",1362,2494,Refugee|refugees,CounterJihadUS
Sat Nov 19 16:03:23 +0000 2016,8.00E+17,@hussansk speakin at @OPSEU #OPSEU2016HRC on #immigration #refugees #race #migrants #displacement #solidarity @nooneisillegal @MWACCanada,2,2,23708565,Elizabeth Ha,Elizabethhaha,,"JUSTICIA for Migrant Workers, ACLA, OFL Equity Vice President, OPSEU Vice Chair CORW, Chair of OPSEU Provincial Human Rights Committee",526,575,,
Sat Nov 19 18:51:35 +0000 2016,8.00E+17,"In test of Trump's immigration stance, Australia to transfer refugees to US https://t.co/6xYSxFfqnk https://t.co/MwLM1OZ9PT",1,2,14857525,The Christian Science Monitor,csmonitor,"Boston, MA",A news organization focusing on the ideas and values behind global headlines. Get our journalism: http://csmonitor.com/subscribe,2147,79835,guncontrol,
Sat Nov 19 19:17:46 +0000 2016,8.00E+17,How to welcome #refugees. #RefugeesWelcome #America #Immigration https://t.co/KirlIGwhdQ,0,2,23822574,"Kathryn Kaysen Jackson, M.Ed. C.M.C.S.",kathrynkaysen,"Chicago, IL",UIC Alumni Association Officer | Career Coach | Experienced Hiring Manager | Coffee Lover | @DePaulU & #firstgen #UIC Alumna | She/Her/Hers | anti-racist,2487,1320,Refugees,FPA_ORG
Sat Nov 19 17:24:26 +0000 2016,8.00E+17,Also useful but worrying summary of new Immigration Act at @Afril AGM. Will make life harder for refugees &amp; add to councils' workloads.,1,1,15792947,Kevin Bonavia,kevinbonavia,,"Labour Councillor for Blackheath & Cabinet Member for Democracy, Refugees & Accountability in the London Borough of Lewisham 🤝🌍",3103,4317,,Afril
Sat Nov 19 21:29:57 +0000 2016,8.00E+17,"@JaninSpoor If enforcing immigration LAW,if vetting Syrian refugees for ISIS,if improving violent inner cities is ""bigotry,"": I can't help U",1,1,2651813438,Media Critic,TalkCritic,East of Eden,Changing the global broadcast climate by dramatically reducing the media's hot air emissions. Always tough but always fair. I calls 'em as I sees 'em.,1303,780,,JaninSpoor
Mon Nov 28 18:44:51 +0000 2016,8.03E+17,We've admitted about 50k Somali refugees just since 2009 - https://t.co/FiGMDLPBaQ,14,26,95480831,Center for Immigration Studies,CIS_org,"Washington, DC","Pro-immigrant, Low-immigration. The Center for Immigration Studies is a non-partisan, non-profit research organization founded by Otis Graham Jr. RT≠endorsement",271,24850,,
Mon Nov 28 23:30:11 +0000 2016,8.03E+17,"#Refugees, #Immigration &amp; the Agenda to Erase America in paperback &amp; for #Download. #RT https://t.co/sNFBZfpAVC… https://t.co/Xup1Ppa2qg",9,14,44653060,Frank Gaffney,frankgaffney,"Washington, DC","Executive Chairman of the Center for Security Policy, Host of Secure Freedom Radio and America's Voice's ""Securing America"" TV Show",971,41085,Download|Immigration|RT|Refugees,
Mon Nov 28 19:09:20 +0000 2016,8.03E+17,"As we begin a season of celebration with family, I want to share 3 stories highlighting communities helping refugees https://t.co/1tIzeeGmEH",14,10,193725962,Kathleen Wynne,Kathleen_Wynne,Ontario,MPP Don Valley West,1341,247627,,
Mon Nov 28 22:57:44 +0000 2016,8.03E+17,Today we added Immigration Equality to our list of recommended organizations. https://t.co/eUYp8GLQ2o @IEquality,3,3,7.99E+17,Eight Days of Giving,8daysofgiving,,"This year, spend your time and money fighting for what's right.",226,27,,IEquality
Mon Nov 28 23:41:54 +0000 2016,8.03E+17,BRITISH IMMIGRATION officials erect 15ft high fence 2 hide unaccompanied MUSLIM “child” refugees who r n 20’s &amp; 30’s https://t.co/pZ3pyEc6Nl,3,3,3702234197,Annie Lotto,Non_MSM_News,swamp_drainer/gab.ai,View info Main Stream Media is not Reporting - Equal Opportunity Offender - Sensitive Material - Trump Supporter - R/T not an endorsement,15542,16873,,
Mon Nov 28 15:48:00 +0000 2016,8.03E+17,Democrats were hell bent to turn USA into an asylum for Islamic refugees. Americans are saved for electing Trump. https://t.co/6gu7C1BnHD,1,2,148298610,Prasun Maitra(প্রসূন মৈত্র),prasunmaitra,"हलीसहर, कोलकाता","Proud Bangali fighting against Islamization of WB. Bhakt of Maa Kali. Views apolitical. Nation first. Believe in- In the matter of principle, stand like a rock.",288,6157,,SpeakerRyan|realDonaldTrump|sassysassyred|senatemajldr
Mon Nov 28 20:18:05 +0000 2016,8.03E+17,"Build the Phy. Wall, &amp; stop ALL immigration/ Refugees from Nations where Radical Islam exist. Vet, and Deport all d… https://t.co/LpWCpFkyaa",2,2,7.13E+17,Michael S. Ambler,CelticFire777,"Utopia, Texas","Patriot, Trump, America 1st,        Army Vet, Eagle Scout,Teacher of History, Govt, Economic, Coach, Ed. Diagnostician, MMA, GUNS, Pro-Israel,Viking.",3988,2673,Refugees,FPA_ORG
Mon Nov 28 14:26:09 +0000 2016,8.03E+17,Is there something wrong with refugees wanting to pick and choose where they are safe? #Refugees #Immigration… https://t.co/wY7cQu3BHm,2,2,2412657451,Headprotagonist,headprotagonist,"South East, England",Head protagonist and champion of change.,3129,2305,,
Mon Nov 28 19:55:25 +0000 2016,8.03E+17,Forget about #guncontrol we all know it's immigration control that's needed. Islamic terrorists are mixed in with refugees. Obviously!,1,2,8.02E+17,Patriot🇺🇸Chance,Chance_Crusade,A booth in the midwest,Patriot and proud American 🇺🇸 #Constitution #AmericaFirst (NRA Member) Happily Married #Trump2020 @ChancethePatriot on Parler,4774,4570,guncontrol,
Mon Nov 28 21:55:18 +0000 2016,8.03E+17,"Time for Canada to stop immigration from Islamic terror countries. Refugees need Canada, CANADA DOES NOT NEED THEM",0,1,7.80E+17,canadian deplorable,kellgriff13,"Kelowna, British Columbia","conservative,Er Rn, loves freedom, motorcycles and firearms,Married to the most beautiful lady in the world. RECOVERY IS ALWAYS FIRST. 11/24/08 psalm 144:1",1375,631,,
Thu Dec 01 22:38:40 +0000 2016,8.04E+17,https://t.co/tN3LUxflup #Immigration #Refugees #profughi https://t.co/InftRNfatP,0,254,347421565,Ivanbonox,Klaus595,Italia,Italian man around the world,1206,172,Immigration|Refugees|profughi,
Thu Dec 01 20:32:25 +0000 2016,8.04E+17,Was the #OhioState jihadist properly vetted? Why are we importing refugees from Islamist compromised areas? #Somalia https://t.co/w5NDJvNyr9,35,51,4870746007,CounterJihad,CounterJihadUS,America- Land of the Free,We are a movement of American citizen-activists dedicated to safeguarding the country from the danger posed by Islamic Supremacists. Join the #CounterJihad now!,3311,13874,OhioState|Somalia,
Thu Dec 01 14:14:25 +0000 2016,8.04E+17,Undocumented - is this the new Liberal elite lie? The word is illegal immigrant. Stop perverting the language… https://t.co/DWFaSQel8A,8,11,2885705823,tom,BritishAwake,London,One of the elite captured by the Chinese Communist Party. My pronouns are ‘seriously’ and ‘get a life’.    All Lives Matter.,4398,4634,,
Thu Dec 01 17:17:56 +0000 2016,8.04E+17,"Take a look at our 3 minute post-event video of our inaugural #6degreesTO gathering on inclusion, citizenship, refu… https://t.co/CSM5PFeAl3",7,4,1613366358,John Ralston Saul,JohnRalstonSaul,Official Twitter Account,"Essayist, novelist & President Emeritus @PEN_int / Essayiste, romancier et President émérite @PEN_int
Co-Chair of @inclusion_ca (http://inclusion.ca)",3217,12154,6degreesTO,
Thu Dec 01 23:29:39 +0000 2016,8.04E+17,Immigration officials on #Manus and #Nauru routinely ignore medical advice regarding #refugees detained there: https://t.co/XA4FMdDLF4,0,3,313083365,Refugee Council,OzRefugeeCounc,Australia,We are the national body representing over 200 organisations & thousands of individuals who work with and for refugees & people seeking asylum.,2514,20670,Manus|Nauru|refugees,
Thu Dec 01 18:59:43 +0000 2016,8.04E+17,Immigration to UK at record high: study https://t.co/nBplqxXOK0 via @POLITICOEurope,0,3,22695433,Bill Manzi,billmanzi,"Methuen, Massachusetts","Town Manager, Seabrook, NH., former Mayor of Methuen, MA.",5252,4942,,POLITICOEurope
Thu Dec 01 15:20:24 +0000 2016,8.04E+17,Interesting example of the sector stepping up to meet emerging needs: supporting next stage of refugee resettlement https://t.co/v0wO4gNJHc,2,2,36758722,Ontario Nonprofit Network,o_n_n,Ontario,"Independent network advocating for stronger public policy that helps Ontario's 58,000 nonprofits - and their communities - to thrive.",2267,15417,Refugee|refugees,
Thu Dec 01 14:08:49 +0000 2016,8.04E+17,"Hon  Minister of Immigration, Refugees and Citizenship @HonJohnMcCallum concludes opening remarks. Now taking quest… https://t.co/2SYQWTluDx",3,2,2244034274,WES Canada,WESCanada,"Toronto, Ontario","World Education Services (WES) is a nonprofit social enterprise dedicated to helping international students, immigrants, and refugees achieve their goals.",1435,19428,,
Thu Dec 01 21:13:29 +0000 2016,8.04E+17,"Immigration officials routinely ignore medical advice on detainees, inquest told https://t.co/CrFoFFomPJ #refugees",0,1,2655609206,Jane McAdam,profjmcadam,,Scientia Professor of Law and Director of the Andrew & Renata Kaldor Centre for International Refugee Law at UNSW,1264,6473,Refugees,
Thu Dec 01 16:01:02 +0000 2016,8.04E+17,@CNN Catholic charities assisted the OSU terrorist thru their immigration lawyers enter states CC bringing in tons of refugees check it Out?,1,1,2291820098,Beach,beach_drinks,,,85,116,,CNN
Sat Dec 10 22:27:22 +0000 2016,8.08E+17,"Somali Refugees Arriving in U.S. at Highest Rate Ever

https://t.co/8s2IIfFPZW 
#immigration
#terror
#MAGA https://t.co/452FGln6Lf",244,598,33529092,Տᗩᑎᗪᖇᗩ ن Democrats stole my vote,SandraSentinel,"Texas, USA",♦️LifeLibertyPursuitOfHappiness🇺🇸♦️Veterans♦️ProLife!♦️Israel🇮🇱 ♦️KeepTexasRed!♦️ There Is A Christian Genocideن ♦️AdoptDontShop-Rescue A Dog♦️,55675,207670,MAGA|immigration|terror,
Sat Dec 10 20:31:00 +0000 2016,8.08E+17,"#Refugee Fraud. 2/3 of UK’s dubious ‘child’ #refugees actually adults, immigration office says https://t.co/14DaduGw7d",17,25,4870746007,CounterJihad,CounterJihadUS,America- Land of the Free,We are a movement of American citizen-activists dedicated to safeguarding the country from the danger posed by Islamic Supremacists. Join the #CounterJihad now!,3311,13874,Refugee|refugees,
Sat Dec 10 17:45:03 +0000 2016,8.08E+17,"It was very disheartening': Sponsors complain of delays, lack of communication about refugees… https://t.co/HPlEIEKttO",1,2,19000033,CBC Toronto,CBCToronto,Toronto,"Your source for GTA breaking, investigative & community news. E-mail: torontotips@cbc.ca IG: http://instagram.com/cbctoronto FB: http://facebook.com/cbctoronto",917,587500,,
Sat Dec 10 19:39:08 +0000 2016,8.08E+17,"Finding work, not cold, biggest hurdle for Edmonton Syrian refugees https://t.co/lKkX5nZp1S",1,2,1689888548,Dr. Julie Drolet,drjdrolet,Edmonton,Professor in the Faculty of Social Work at the University of Calgary,135,179,,
Sat Dec 10 17:08:21 +0000 2016,8.08E+17,Trump's immigration plan could hurt Central America more than Mexico https://t.co/yLF9M4YDNA @fusion @sararafsky #Trump #Migrants #Refugees,0,1,611751142,Elise Blanchard,eliseblchrd,Kabul,Journalist @AFP Kabul bureau,1016,1395,Migrants|Refugees|Trump,Fusion|sararafsky
Sat Dec 10 20:32:14 +0000 2016,8.08E+17,Honeymoon for Syrian refugees over as 'Month 13’ looms https://t.co/IchKjSJpSQ via @torontostar,0,1,23398730,David Rider,dmrider,Toronto,"Aging journo with the calves of a 15-year-old and a love of the absurd. Also, Toronto Star city hall bureau chief. Please email tips to drider(at)thestar.ca",9801,19040,,TorontoStar
Sat Dec 10 21:39:57 +0000 2016,8.08E+17,@foxnewspolitics America Has LawsOn Illegal Immigration/Refugees BordersTo ProtectWe Have A Right To Enforce MAKE AMERICAStrongRichSafeAGAIN,0,0,4176857259,Harrod Havers,HarrodHavers,,I am a peaceful person love my Lord Jesus Christ love to write christian prophetic rock music love to paint on canvas love all my families awe hell my freedom,544,140,,
Sat Dec 10 20:34:35 +0000 2016,8.08E+17,"RT @CounterJihadUS: #Refugee Fraud. 2/3 of UK’s dubious ‘child’ #refugees actually adults, immigration office says https://t.co/14DaduGw7d",0,0,1602698894,ᄃΉIПΣƧΣ ƧƬΣΣᄂ ™,ChineseSteel,USA,"ᄃΉIПΣƧΣ ƧƬΣΣᄂ™ Band

Birthday Party",985,354,Refugee|refugees,CounterJihadUS
Sat Dec 10 20:38:10 +0000 2016,8.08E+17,RT @dmrider: Honeymoon for Syrian refugees over as 'Month 13’ looms https://t.co/IchKjSJpSQ via @torontostar,0,0,22848269,Piali Roy,PialiRoy,Toronto,I write. I tweet. I retweet. Home & the World with a Bengali twist.,2281,4477,,TorontoStar|dmrider
Sat Dec 10 20:56:05 +0000 2016,8.08E+17,"RT @CounterJihadUS: #Refugee Fraud. 2/3 of UK’s dubious ‘child’ #refugees actually adults, immigration office says https://t.co/14DaduGw7d",0,0,716422928,danilo villa,davilla58,,"Il dovere di ogni cittadino onesto e quello di trovare e stroncare ogni parassita della società, per il bene della società stessa, GF Miglio",717,534,Refugee|refugees,CounterJihadUS
Mon Dec 19 20:40:51 +0000 2016,8.11E+17,"As the Berlin Christmas terrorist attack becomes clear, remember Obama/Clinton/DNC want to flood USA with refugees
https://t.co/0SGM3XG30k",22,43,43969372,WND News,worldnetdaily,,"A Free Press for A Free People. Founded in 1997 by @josephfarah, http://WND.com is the digital pioneer in online news.",276,76030,,
Mon Dec 19 23:20:01 +0000 2016,8.11E+17,The countries taking their fair share of refugees (and those who aren't) https://t.co/fklEZQZkOX,16,10,16973333,The Independent,Independent,"London, England","News, comment and features from The Independent. 

Try an ad-free experience with access to premium articles with our app: https://t.co/XGI8DtCR6B",757,3444845,,
Mon Dec 19 23:56:38 +0000 2016,8.11E+17,Bravo! US bishops standing firm against Trump on immigration &amp; refugees. Can we say SANCTUARY? https://t.co/ksVrqV0h7m,7,6,813125382,Stephen Schneck - ταυ,StephenSchneck,"Washington, DC",Exec Dir Franciscan Action Network; advocate for Catholic social justice values; media commentary on Catholicism; retired Catholic University of America prof.,150,1664,,
Mon Dec 19 16:18:33 +0000 2016,8.11E+17,"""Two cases illustrate how big-name employers benefit from illegal labor, undocumented workers are easily exploited"".
https://t.co/bWrTPEF38u",1,6,496385648,Ben Carrington,BenHCarrington,"Los Angeles, CA","A working-class hero is something to be.
South Londoner (""I'm so London, I'm so south"").
Occasional Footballer & Cricketer.
Professor of Sociology & Journalism.",100,12589,,
Mon Dec 19 23:07:44 +0000 2016,8.11E+17,@realAngeloGomez WE THE PEOPLE OF USA MUST B ALERT AT ALL TIMES BECAUSE OF ILLEGAL IMMIGRATION &amp; REFUGEES. PRAY GOD &amp; ANGELS PROTECT USA GBA,3,5,7.87E+17,Deb 🙏4 “LOVINGKINDNESS”,LIBERTYSELFGOV,Self Goverance LIBERTY ❤️GOD,"American, stop corrupt ""POLITICIANS"".We The People 4FREEDOM. Read&Research”THE FEDERALIST""85 papers explain”WE THE PEOPLE GOV“SERVE &❤️GOD🙏4ENLIGHTENMENT",6472,6456,,
Mon Dec 19 15:58:26 +0000 2016,8.11E+17,"#Muslim Girl Refuses to Shake #German #President’s Hand 
#islam #refugees #immigration #p2 
https://t.co/Mf1vKBQiK6",1,3,7.61E+17,DJT is my President,DonaldJTrumpNY,USA,#Donald #Trump is our #President. #BuildTheWall #MAGA #Pence #AmericaFirst #DraintheSwamp,3498,2765,German|Muslim|President|immigration|islam|p2|refugees,
Mon Dec 19 15:31:03 +0000 2016,8.11E+17,We can fight hate and racism by telling the stories of #migrants https://t.co/0JBpf2jQOd via @guardian #immigration #refugees #ukpoli,3,2,2841149895,GDX,GDXryerson,"Toronto, Ontario, Canada","A think & do tank @TRSMRyersonU that identifies & amplifies links between prosperity, diversity & migration & anchors these in policy, research & practice.",1529,2302,,TulaneLaw
Mon Dec 19 15:58:05 +0000 2016,8.11E+17,#MigrantsDay Our #TRALIM project offers training for #lawyers on #EU #immigration and #asylum law for better protec… https://t.co/cwJM9CR2AK,2,1,2712922250,EULawyersFoundation,EULawyersFound,"The Hague, The Netherlands",Welcome to the European Lawyers Foundation official Twitter account,38,739,EU|MigrantsDay|TRALIM|asylum|immigration|lawyers,
Mon Dec 19 21:35:59 +0000 2016,8.11E+17,Opposing mass Muslim immigration was labeled a racist. The belief that Muslim refugees would become violent dismissed as xenophobic..,5,1,112640629,Jonathan Shuttlesworth,JDShuttlesworth,"Pittsburgh, PA USA","I cause problems for The Devil, professionally. 📱http://onelink.to/cjwcqz 📺 CTN 📻 http://tun.in/sfjjB 📖 http://amzn.to/2DxZX7q 💻 http://bit.ly/2S4H16T",553,17970,,
Mon Dec 19 21:00:33 +0000 2016,8.11E+17,"Immigration Minister @PeterDutton_MP wrong on refugees' citizenship, Federal Court finds #auspol #refugeeswelcome… https://t.co/O3Cft2PIIt",1,1,3192951445,CAPSA,CAPSA_WeCan,"Melbourne, Victoria",The Catholic Alliance for People Seeking Asylum works towards an Australia that welcomes and respects people who are seeking asylum.,689,678,Refugees,FPA_ORG
Wed Dec 28 22:36:01 +0000 2016,8.14E+17,#Refugees can be handled more cost-effectively in the Middle East than by bringing them to the US https://t.co/4xa8JSdf1u,43,55,44653060,Frank Gaffney,frankgaffney,"Washington, DC","Executive Chairman of the Center for Security Policy, Host of Secure Freedom Radio and America's Voice's ""Securing America"" TV Show",971,41085,Refugees,
Wed Dec 28 06:59:10 +0000 2016,8.14E+17,"Retweet all those backing open borders &amp; mass immigration including 'refugees' are responsible for their crimes, th… https://t.co/vPgkUdEocP",9,10,1868678738,Geeza. #Brexit #FreeTommyRobinson,Geezajay2013,All My Views Are My Own,,19020,20558,,
Tue Dec 27 23:37:29 +0000 2016,8.14E+17,^related: trump's plan to block immigration from countries with terrorism *will* trap Christian refugees fleeing Islamic terrorism.,20,5,14211510,𝐎. 𝐀𝐥𝐚𝐧 𝐍𝐨𝐛𝐥𝐞,TheAlanNoble,"Shawnee, Ok",EiC @ChristandPC. Assoc. Prof Eng @OBUnews. Leadership Council @Andcampaign. Author: #DisruptiveWitness +2 forthcoming books @ivpress. #hcqa1. #Bald. #SicEm PCA,1078,18642,,
Wed Dec 28 19:26:21 +0000 2016,8.14E+17,"Check out my article on @FPA_ORG, ""How the U.S. Sentiment Towards #Refugees Shifted."" https://t.co/vzsEFcvaM6… https://t.co/OIIAQThbTa",3,4,2562210073,Aliza Goldberg ✍️,aliza_goldberg,,Storyteller @PeratonCorp. Tweets about #space #Wx #cybersecurity #natsec #foreignpolicy #geopolitics #refugees #immigration #climatechange #feminism,1222,975,Refugees,FPA_ORG
Wed Dec 28 19:22:01 +0000 2016,8.14E+17,Post WW2 immigration laws that blocked Jewish refugees but let Nazis in  @myHNN https://t.co/RTyulijbfy https://t.co/WfCGk8ABmV,2,3,2161582903,Century Past History,lienhart85,United States,"Ted Lienhart sharing links to books, articles & resources that ground the present in the past.  #FreeBooksOnline    #OnlineLibrary",21723,25220,,myHNN
Tue Dec 27 18:14:01 +0000 2016,8.14E+17,"Immigration, World Poverty and Gumballs - https://t.co/vYDsBEGYa8
https://t.co/bsg7LVHcCt #Refugees #Immigration #TuesdayThoughts",1,1,43232530,✝Steph 🇺🇸 🕊🌞🏕🏃‍♀️🧶🧵🗽,EternalRiteWing,Midwest-Southwest,"Show me your friends, I’ll show you your future. U.S. falls w/out God. Change school curriculum to undo Marxist brainwashing. #BLM = Marxism #KAG2020 #FightBack",17450,26205,Immigration|Refugees|TuesdayThoughts,
Wed Dec 28 13:08:12 +0000 2016,8.14E+17,The Global Refugees In Mexico’s Border Towns https://t.co/0GYp943q2k,0,1,76969013,Matt Neville,mn_ville,Canada,,2286,1598,,
Wed Dec 28 02:11:02 +0000 2016,8.14E+17,@sassysassyred @SenateMajLdr @realDonaldTrump this is also on your watch @SpeakerRyan WE don't want more immigration now.NO REFUGEES.,1,1,7.05E+17,Deplorable Mickey✝️,mickeytidewater,USA,"Physician, now retired. #CHRISTIAN. #CCOT #CONSERVATIVE #CONSTITUTION, 1A, 2A. #MAGA, #KAG",8119,8164,,SpeakerRyan|realDonaldTrump|sassysassyred|senatemajldr
Wed Dec 28 00:20:34 +0000 2016,8.14E+17,Sign Petition To Support #Trump In Stopping Syrian Refugees https://t.co/Nyg7Q9yb0L #Immigration #Immigrants #tcot #tgdn #ccot #pjnet #p2,1,1,548646200,ExposingCrime,XPoseCrime,"New Jersey, USA",,4951,3487,Immigrants|Immigration|Trump|ccot|p2|pjnet|tcot|tgdn,
Tue Dec 27 19:02:02 +0000 2016,8.14E+17,".@TulaneLaw summer abroad program examines issues surrounding resettlement of refugees, other types of immigration:… https://t.co/qfN5tCnSEq",2,1,28120277,Tulane University,Tulane,"New Orleans, LA",The official Twitter account for Tulane University 🌊 Join the conversation: #Tulane | #RollWave,555,31356,,TulaneLaw
